111,"Alexandria ","Mackey","Frank","magnolia@cruise.com","555-555-5555"
4555,"Alexandria","Mulder","Fox","fox@xfiles.com","555-555-5555"
8704,"Alexandria ","Blaine","Jonas","unitleader@theunit.com","555-555-5555"
8705,"Alexandria ","Nightengale","Florence","nurseflo@helper.org","555-555-5555"
8705,"Alexandria ","Testentry","Jim","tester@testentry.com","555-555-5555"
8705,"South Kline Street ","Doe","Johnny","fakeguy@doe.com","555-555-5555"
25,"Moray Place ","Driscoll","Joseph","jcd@driscoll.info","555-555-5555"
28,"Moray Place ","Driscoll","Jeffrey","mybro@family.com","555-555-5555"
101,"Lagoon Vista ","Castle","Johnny","mainguy@dancing.com","555-555-5555"
228,"Lagoon Vista ","Jenkins","Ashley","totallyfake@fake.com","555-555-5555"
2243,"Whiterock Court ","Brown","Bobby","bbrown@newedition.com","555-555-5555"
